Ref,Val,Package,PosX,PosY,Rot,Side
"C1","100nF","C_0402_1005Metric",48.000000,-30.000000,0.000000,top
"C2","100nF","C_0402_1005Metric",48.000000,-50.000000,0.000000,top
"C3","100nF","C_0402_1005Metric",48.000000,-70.000000,0.000000,top
"C4","100nF","C_0402_1005Metric",113.000000,-30.000000,0.000000,top
"C5","100nF","C_0402_1005Metric",113.000000,-50.000000,0.000000,top
"C6","10uF","C_0805_2012Metric",15.000000,-110.000000,0.000000,top
"CTRG1","MVS_CHA","",12.069999,-124.000000,0.000000,top
"J2","FROM_PROG","PinHeader_2x40_P2.54mm_Vertical",87.000000,-7.000000,0.000000,top
"R1","470R","R_0402_1005Metric",50.000000,-105.000000,90.000000,top
"R2","470R","R_0402_1005Metric",19.689999,-100.000000,90.000000,top
"R3","470R","R_0402_1005Metric",22.229999,-110.000000,90.000000,top
"R4","470R","R_0402_1005Metric",24.769999,-105.000000,90.000000,top
"R5","470R","R_0402_1005Metric",27.309999,-100.000000,90.000000,top
"R6","470R","R_0402_1005Metric",29.849999,-110.000000,90.000000,top
"R7","470R","R_0402_1005Metric",32.389999,-105.000000,90.000000,top
"R8","470R","R_0402_1005Metric",34.929999,-100.000000,90.000000,top
"R9","470R","R_0402_1005Metric",37.469999,-110.000000,90.000000,top
"R10","470R","R_0402_1005Metric",40.009999,-105.000000,90.000000,top
"R11","470R","R_0402_1005Metric",42.550000,-100.000000,90.000000,top
"R12","470R","R_0402_1005Metric",45.090000,-110.000000,90.000000,top
"R13","470R","R_0402_1005Metric",78.000000,-110.000000,90.000000,top
"R14","470R","R_0402_1005Metric",19.689999,-105.000000,90.000000,top
"R15","470R","R_0402_1005Metric",22.229999,-100.000000,90.000000,top
"R16","470R","R_0402_1005Metric",24.769999,-110.000000,90.000000,top
"R17","470R","R_0402_1005Metric",27.309999,-105.000000,90.000000,top
"R18","470R","R_0402_1005Metric",29.849999,-100.000000,90.000000,top
"R19","470R","R_0402_1005Metric",32.389999,-110.000000,90.000000,top
"R20","470R","R_0402_1005Metric",34.929999,-105.000000,90.000000,top
"R21","470R","R_0402_1005Metric",37.469999,-100.000000,90.000000,top
"R22","470R","R_0402_1005Metric",40.009999,-110.000000,90.000000,top
"R23","470R","R_0402_1005Metric",42.550000,-105.000000,90.000000,top
"R24","470R","R_0402_1005Metric",45.090000,-100.000000,90.000000,top
"R25","470R","R_0402_1005Metric",118.750000,-100.000000,90.000000,top
"R26","470R","R_0402_1005Metric",121.289999,-105.000000,90.000000,top
"R27","470R","R_0402_1005Metric",123.830000,-110.000000,90.000000,top
"R28","470R","R_0402_1005Metric",126.369999,-100.000000,90.000000,top
"R29","470R","R_0402_1005Metric",128.910000,-105.000000,90.000000,top
"R30","470R","R_0402_1005Metric",131.449999,-110.000000,90.000000,top
"R31","470R","R_0402_1005Metric",133.990000,-100.000000,90.000000,top
"R32","470R","R_0402_1005Metric",136.530000,-105.000000,90.000000,top
"R33","470R","R_0402_1005Metric",139.070000,-110.000000,90.000000,top
"R34","470R","R_0402_1005Metric",141.610000,-100.000000,90.000000,top
"R35","470R","R_0402_1005Metric",144.150000,-105.000000,90.000000,top
"R36","470R","R_0402_1005Metric",146.690000,-110.000000,90.000000,top
"R37","470R","R_0402_1005Metric",149.230000,-100.000000,90.000000,top
"R38","470R","R_0402_1005Metric",151.769999,-105.000000,90.000000,top
"R39","470R","R_0402_1005Metric",154.310000,-110.000000,90.000000,top
"R40","470R","R_0402_1005Metric",154.310000,-100.000000,90.000000,top
"U1","74HC165","SOIC-16_3.9x9.9mm_P1.27mm",55.000000,-35.000000,0.000000,top
"U2","74HC165","SOIC-16_3.9x9.9mm_P1.27mm",55.000000,-55.000000,0.000000,top
"U3","74HC165","SOIC-16_3.9x9.9mm_P1.27mm",55.000000,-75.000000,0.000000,top
"U4","74HC165","SOIC-16_3.9x9.9mm_P1.27mm",120.000000,-35.000000,0.000000,top
"U5","74HC165","SOIC-16_3.9x9.9mm_P1.27mm",120.000000,-55.000000,0.000000,top
