Designator,Mid X,Mid Y,Layer,Rotation
C23,159.450mm,-104.615mm,Top,0.0
U5,200.000mm,-114.000mm,Top,180.0
C5,96.750mm,-38.100mm,Top,0.0
U11,102.000mm,-114.000mm,Top,180.0
U4,172.000mm,-114.000mm,Top,0.0
C17,137.150mm,-106.826mm,Top,90.0
R3,152.146mm,-123.259mm,Top,90.0
C15,121.350mm,-106.826mm,Top,90.0
U13,148.600mm,-114.000mm,Top,0.0
C16,134.503mm,-107.875mm,Top,0.0
C26,93.120mm,-117.020mm,Top,90.0
C19,144.485mm,-112.450mm,Top,90.0
C22,159.368mm,-119.982mm,Top,90.0
U17,161.000mm,-100.500mm,Top,90.0
C27,107.570mm,-110.980mm,Top,90.0
U9,132.400mm,-114.000mm,Top,180.0
U16,160.600mm,-114.000mm,Top,180.0
U8,116.600mm,-114.000mm,Top,180.0
C8,208.165mm,-110.847mm,Top,90.0
C2,147.001mm,-91.750mm,Top,90.0
R1,141.000mm,-100.500mm,Top,90.0
U7,60.800mm,-114.000mm,Top,180.0
C14,118.703mm,-107.875mm,Top,0.0
C21,152.003mm,-108.785mm,Top,0.0
C18,147.167mm,-105.845mm,Top,0.0
C3,190.680mm,-107.240mm,Top,90.0
C28,107.920mm,-117.020mm,Top,90.0
C1,146.970mm,-87.700mm,Top,90.0
U6,74.600mm,-114.000mm,Top,180.0
C6,163.621mm,-121.050mm,Top,90.0
C4,191.430mm,-110.271mm,Top,0.0
U14,84.000mm,-100.500mm,Top,180.0
C12,62.903mm,-107.875mm,Top,0.0
R5,147.100mm,-123.000mm,Top,90.0
C9,210.097mm,-111.365mm,Top,90.0
R2,154.720mm,-123.000mm,Top,0.0
U15,154.600mm,-114.000mm,Top,0.0
C25,92.770mm,-110.980mm,Top,90.0
C7,161.523mm,-119.871mm,Top,90.0
U12,150.000mm,-100.500mm,Top,90.0
U1,203.050mm,-101.990mm,Top,90.0
U2,97.000mm,-50.000mm,Top,90.0
C11,79.350mm,-106.826mm,Top,90.0
C20,88.450mm,-103.300mm,Top,90.0
U10,87.200mm,-114.000mm,Top,180.0
C10,76.703mm,-107.875mm,Top,0.0
R4,149.640mm,-123.000mm,Top,90.0
C24,98.450mm,-104.615mm,Top,0.0
C13,65.550mm,-106.826mm,Top,90.0
U18,100.000mm,-100.500mm,Top,90.0
U19,141.000mm,-90.000mm,Top,0.0
