Comment,Designator,Footprint,LCSC Part #
100n,"C12,C6,C11,C9,C18,C8,C2,C7,C19,C15,C10,C17,C16,C14,C13",C0603,C14663
10k,"R1,R2,R4,R9,R5,R6,R7,R10,R3",R0603,C25804
1k,"R15,R12,R14,R11,R13",R0603,C21190
CART,LED1,LED-SMD_L1.6-W0.8-R-RD,C2286
SN74LVC16T245,"U9,U6,U7,U8",TSSOP-48_L12.6-W6.2-P0.50-LS8.1-BL,C148170
TPS2553,U4,SOT-23-6_L2.9-W1.6-P0.95-LS2.8-BR,C55266
10u,"C3,C5,C4,C1",C0805,C15850
74LVC16245A,U5,TSSOP-48_L12.5-W6.1-P0.50-LS8.1-BL,C548160
74LVC16374A,"U10,U11",TSSOP-48_L12.6-W6.2-P0.50-LS8.1-BL,C6074
33k,R8,R0603,C4216
