Designator,Val,Package,Mid X,Mid Y,Rotation,Layer
C1,100nF,C_0402_1005Metric,48.0,-30.0,0.0,top
C2,100nF,C_0402_1005Metric,48.0,-50.0,0.0,top
C3,100nF,C_0402_1005Metric,48.0,-70.0,0.0,top
C4,100nF,C_0402_1005Metric,113.0,-30.0,0.0,top
C5,100nF,C_0402_1005Metric,113.0,-50.0,0.0,top
C6,10uF,C_0805_2012Metric,15.0,-110.0,0.0,top
J2,FROM_PROG,PinHeader_2x40_P2.54mm_Vertical,88.27,-56.53,90.0,top
R1,470R,R_0402_1005Metric,50.0,-105.0,90.0,top
R10,470R,R_0402_1005Metric,40.009999,-105.0,90.0,top
R11,470R,R_0402_1005Metric,42.55,-100.0,90.0,top
R12,470R,R_0402_1005Metric,45.09,-110.0,90.0,top
R13,470R,R_0402_1005Metric,78.0,-110.0,90.0,top
R14,470R,R_0402_1005Metric,19.689999,-105.0,90.0,top
R15,470R,R_0402_1005Metric,22.229999,-100.0,90.0,top
R16,470R,R_0402_1005Metric,24.769999,-110.0,90.0,top
R17,470R,R_0402_1005Metric,27.309999,-105.0,90.0,top
R18,470R,R_0402_1005Metric,29.849999,-100.0,90.0,top
R19,470R,R_0402_1005Metric,32.389999,-110.0,90.0,top
R2,470R,R_0402_1005Metric,19.689999,-100.0,90.0,top
R20,470R,R_0402_1005Metric,34.929999,-105.0,90.0,top
R21,470R,R_0402_1005Metric,37.469999,-100.0,90.0,top
R22,470R,R_0402_1005Metric,40.009999,-110.0,90.0,top
R23,470R,R_0402_1005Metric,42.55,-105.0,90.0,top
R24,470R,R_0402_1005Metric,45.09,-100.0,90.0,top
R25,470R,R_0402_1005Metric,118.75,-100.0,90.0,top
R26,470R,R_0402_1005Metric,121.289999,-105.0,90.0,top
R27,470R,R_0402_1005Metric,123.83,-110.0,90.0,top
R28,470R,R_0402_1005Metric,126.369999,-100.0,90.0,top
R29,470R,R_0402_1005Metric,128.91,-105.0,90.0,top
R3,470R,R_0402_1005Metric,22.229999,-110.0,90.0,top
R30,470R,R_0402_1005Metric,131.449999,-110.0,90.0,top
R31,470R,R_0402_1005Metric,133.99,-100.0,90.0,top
R32,470R,R_0402_1005Metric,136.53,-105.0,90.0,top
R33,470R,R_0402_1005Metric,139.07,-110.0,90.0,top
R34,470R,R_0402_1005Metric,141.61,-100.0,90.0,top
R35,470R,R_0402_1005Metric,144.15,-105.0,90.0,top
R36,470R,R_0402_1005Metric,146.69,-110.0,90.0,top
R37,470R,R_0402_1005Metric,149.23,-100.0,90.0,top
R38,470R,R_0402_1005Metric,151.769999,-105.0,90.0,top
R39,470R,R_0402_1005Metric,154.31,-110.0,90.0,top
R4,470R,R_0402_1005Metric,24.769999,-105.0,90.0,top
R40,470R,R_0402_1005Metric,154.31,-100.0,90.0,top
R5,470R,R_0402_1005Metric,27.309999,-100.0,90.0,top
R6,470R,R_0402_1005Metric,29.849999,-110.0,90.0,top
R7,470R,R_0402_1005Metric,32.389999,-105.0,90.0,top
R8,470R,R_0402_1005Metric,34.929999,-100.0,90.0,top
R9,470R,R_0402_1005Metric,37.469999,-110.0,90.0,top
U1,74HC165,SOIC-16_3.9x9.9mm_P1.27mm,55.0,-35.0,270.0,top
U2,74HC165,SOIC-16_3.9x9.9mm_P1.27mm,55.0,-55.0,270.0,top
U3,74HC165,SOIC-16_3.9x9.9mm_P1.27mm,55.0,-75.0,270.0,top
U4,74HC165,SOIC-16_3.9x9.9mm_P1.27mm,120.0,-35.0,270.0,top
U5,74HC165,SOIC-16_3.9x9.9mm_P1.27mm,120.0,-55.0,270.0,top
