Comment,Designator,Footprint,LCSC Part #
"AM29F400BB 4Mbit 16-bit Flash 5V TSOP-48",U_PROM,TSOP-I-48_18.4x12mm_P0.5mm,C2682159
"SST39SF010A 1Mbit 8-bit Flash 5V PLCC-32",U_SROM,PLCC-32_11.4x14.0mm_P1.27mm,C191340
"SST39SF010A 1Mbit 8-bit Flash 5V PLCC-32",U_MROM,PLCC-32_11.4x14.0mm_P1.27mm,C191340
"AM29F400BB 4Mbit 16-bit Flash 5V TSOP-48",U_CROM1,TSOP-I-48_18.4x12mm_P0.5mm,C2682159
"AM29F400BB 4Mbit 16-bit Flash 5V TSOP-48",U_CROM2,TSOP-I-48_18.4x12mm_P0.5mm,C2682159
"RP2040 Dual-core ARM Cortex-M0+ QFN-56",U_MCU,QFN-56-1EP_7x7mm_P0.4mm,C2040
"W25Q32JVSSIQ 32Mbit SPI Flash SOIC-8",U_FLASH,SOIC-8_3.9x4.9mm_P1.27mm,C571986
"12MHz Crystal SMD 3215",Y1,Crystal_SMD_3215-2Pin_3.2x1.5mm,C9002
"AMS1117-3.3 LDO Regulator SOT-223",U_REG,SOT-223-3_TabPin2,C6186
"74HC595D Shift Register SOIC-16",U_SR1,SOIC-16_3.9x9.9mm_P1.27mm,C5947
"74HC595D Shift Register SOIC-16",U_SR2,SOIC-16_3.9x9.9mm_P1.27mm,C5947
"74HC595D Shift Register SOIC-16",U_SR3,SOIC-16_3.9x9.9mm_P1.27mm,C5947
"74HC245D Bus Transceiver SOIC-20",U_BUF1,SOIC-20W_7.5x12.8mm_P1.27mm,C5949
"74HC245D Bus Transceiver SOIC-20",U_BUF2,SOIC-20W_7.5x12.8mm_P1.27mm,C5949
"USB Type-C Receptacle SMD",J_USB,USB_C_Receptacle_GCT_USB4085,C168688
"100nF 0402 MLCC",C1,C_0402_1005Metric,C1525
"100nF 0402 MLCC",C2,C_0402_1005Metric,C1525
"100nF 0402 MLCC",C3,C_0402_1005Metric,C1525
"100nF 0402 MLCC",C4,C_0402_1005Metric,C1525
"100nF 0402 MLCC",C5,C_0402_1005Metric,C1525
"100nF 0402 MLCC",C6,C_0402_1005Metric,C1525
"100nF 0402 MLCC",C7,C_0402_1005Metric,C1525
"100nF 0402 MLCC",C8,C_0402_1005Metric,C1525
"100nF 0402 MLCC",C9,C_0402_1005Metric,C1525
"100nF 0402 MLCC",C10,C_0402_1005Metric,C1525
"100nF 0402 MLCC",C11,C_0402_1005Metric,C1525
"100nF 0402 MLCC",C12,C_0402_1005Metric,C1525
"100nF 0402 MLCC",C13,C_0402_1005Metric,C1525
"10uF 0805 MLCC",C14,C_0805_2012Metric,C15850
"10uF 0805 MLCC",C15,C_0805_2012Metric,C15850
"10uF 0805 MLCC",C16,C_0805_2012Metric,C15850
"15pF 0402 MLCC",C17,C_0402_1005Metric,C1548
"15pF 0402 MLCC",C18,C_0402_1005Metric,C1548
"1K 0402 Resistor",R1,R_0402_1005Metric,C11702
"27R 0402 Resistor",R2,R_0402_1005Metric,C25100
"27R 0402 Resistor",R3,R_0402_1005Metric,C25100
"5.1K 0402 Resistor",R4,R_0402_1005Metric,C25905
"5.1K 0402 Resistor",R5,R_0402_1005Metric,C25905
"10K 0402 Resistor",R6,R_0402_1005Metric,C25744
"10K 0402 Resistor",R7,R_0402_1005Metric,C25744
"BAT54S Dual Schottky Diode SOT-23",D1,SOT-23,C82544
"BAT54S Dual Schottky Diode SOT-23",D2,SOT-23,C82544
"BAT54S Dual Schottky Diode SOT-23",D3,SOT-23,C82544
"BAT54S Dual Schottky Diode SOT-23",D4,SOT-23,C82544
"BAT54S Dual Schottky Diode SOT-23",D5,SOT-23,C82544
"BAT54S Dual Schottky Diode SOT-23",D6,SOT-23,C82544
